id,password,email,member_since,payment_due
afeil,feil1988<3,Abdul.Feil@hotmail.com,4/15/2017 12:10,0
amely_18,loseweightin18,Amely.Bauch91@yahoo.com,2/6/2018 16:48,0
bbahringer,iambeau17,Beaulah_Bahringer@yahoo.com,12/28/2017 5:36,0
little31,whocares31,Anthony_Little31@gmail.com,6/1/2017 21:12,10
macejkovic73,jadajeda12,Jada.Macejkovic73@gmail.com,5/30/2017 17:30,0
marvin1,if0909mar,Marvin_Schulist@gmail.com,9/9/2017 2:30,10
nitzsche77,bret77@#,Bret_Nitzsche77@gmail.com,1/9/2018 17:36,0
noah51,18Oct1976#51,Noah51@gmail.com,12/16/2017 22:59,0
oreillys,reallycool#1,Martine_OReilly@yahoo.com,10/12/2017 5:39,0
wyattgreat,wyatt111,Wyatt_Wisozk2@gmail.com,7/18/2017 16:28,0
